iter	QueryRMSE	PrecisionAt:top=10	RecallAt:top=10	MAP:top=10
0	0.1630648459	0.04477909103	0.7071029529	0.2225525406
4	0.1623471892	0.05507438233	0.8100558659	0.2565628734
8	0.1617765526	0.05728241638	0.8321362064	0.2599679288
12	0.1612894189	0.05959686171	0.8552806597	0.2651733195
16	0.1608978128	0.05972987581	0.8566108007	0.2655767956
20	0.1605632795	0.06015552093	0.8608672519	0.2661702918
24	0.1602742093	0.06012891811	0.8606012237	0.2667231449
28	0.1600489292	0.06028853503	0.8621973929	0.2678134382
32	0.159839437	0.06031513785	0.8624634211	0.2686632505
36	0.1596535821	0.06050135759	0.8643256185	0.2690432908
40	0.159493436	0.06060776887	0.8653897313	0.2689345571
44	0.159350075	0.06063437169	0.8656557595	0.2697149064
48	0.1592295569	0.06060776887	0.8653897313	0.2695243585
52	0.1591249411	0.06050135759	0.8643256185	0.269320298
56	0.159022552	0.06071418015	0.8664538441	0.2702956291
60	0.1589344378	0.06060776887	0.8653897313	0.270038363
64	0.158869254	0.06055456323	0.8648576749	0.2705552177
68	0.1587977718	0.06058116605	0.8651237031	0.271644561
72	0.1587243171	0.06076738579	0.8669859005	0.2716980833
76	0.1586556861	0.06074078297	0.8667198723	0.2727938661
80	0.1585990819	0.06090039989	0.8683160415	0.2730938868
84	0.1585461775	0.06100681117	0.8693801543	0.2730635892
88	0.1584836374	0.06116642809	0.8709763235	0.2739343037
92	0.1584320207	0.06132604501	0.8725724927	0.2747181368
96	0.1583812362	0.06140585346	0.8733705773	0.2748794428
100	0.158341117	0.06153886756	0.8747007183	0.2757468847
104	0.1582907581	0.06161867602	0.8754988029	0.276281158
108	0.1582469498	0.06161867602	0.8754988029	0.2766028199
112	0.1581976747	0.0617250873	0.8765629157	0.2773367199
116	0.1581452076	0.0617250873	0.8765629157	0.2775292737
120	0.1581149196	0.06177829294	0.8770949721	0.2777033532
124	0.1580579143	0.06183149858	0.8776270285	0.2786822737
128	0.1580150882	0.06183149858	0.8776270285	0.2789328891
132	0.157981208	0.06180489576	0.8773610003	0.2791857215
136	0.1579382658	0.0618581014	0.8778930567	0.2793365763
140	0.1579128994	0.06191130704	0.8784251131	0.2795989097
144	0.1578789675	0.06196451268	0.8789571695	0.2802306211
148	0.1578365362	0.06201771832	0.8794892259	0.2805353923
152	0.1578127851	0.06215073242	0.8808193669	0.2811569693
156	0.1577813782	0.06209752678	0.8802873105	0.2811154816
160	0.1577561779	0.06215073242	0.8808193669	0.2814208862
164	0.1577367674	0.06217733524	0.8810853951	0.2817103502
168	0.1577002317	0.06231034934	0.882415536	0.2825940494
172	0.1576781536	0.06233695216	0.8826815642	0.2824906996
176	0.1576455647	0.06254977472	0.8848097898	0.2839930199
180	0.1576225851	0.06249656908	0.8842777334	0.28421376
184	0.1575984801	0.0625231719	0.8845437616	0.2846015066
188	0.1575643194	0.06262958318	0.8856078744	0.2848958267
192	0.1575234158	0.06257637754	0.885075818	0.2855726151
196	0.1574986052	0.06257637754	0.885075818	0.2855593137
200	0.1574784694	0.06262958318	0.8856078744	0.2858889987
204	0.157453838	0.06260298036	0.8853418462	0.2863360738
208	0.157426988	0.06262958318	0.8856078744	0.2868505006
212	0.1573907526	0.06268278882	0.8861399308	0.2869995608
216	0.1573766604	0.06273599446	0.8866719872	0.2873665109
220	0.1573584557	0.06286900856	0.8880021282	0.2876802552
224	0.1573323845	0.06284240574	0.8877361	0.2882536938
228	0.1573050622	0.06284240574	0.8877361	0.2883857578
232	0.1572862836	0.06284240574	0.8877361	0.2885900294
236	0.1572667438	0.06286900856	0.8880021282	0.2889035627
240	0.1572387922	0.06294881702	0.8888002128	0.28943393
244	0.1572157921	0.06289561138	0.8882681564	0.289592069
248	0.1571949429	0.06286900856	0.8880021282	0.2895805622
252	0.1571749328	0.06289561138	0.8882681564	0.28970682
256	0.1571499409	0.0627892001	0.8872040436	0.2904483209
260	0.157120901	0.06281580292	0.8874700718	0.2904718622
264	0.1571054689	0.06281580292	0.8874700718	0.290564022
268	0.1570831015	0.06289561138	0.8882681564	0.2911353492
272	0.1570709316	0.06289561138	0.8882681564	0.2914785467
276	0.1570488092	0.06289561138	0.8882681564	0.2917107936
280	0.1570308353	0.0629222142	0.8885341846	0.2920390006
284	0.1570028088	0.06297541984	0.889066241	0.2928648492
288	0.1569698879	0.0629222142	0.8885341846	0.2935733077
292	0.1569461942	0.06297541984	0.889066241	0.2940019086
296	0.1569268212	0.06300202266	0.8893322692	0.2943644249
300	0.1569094279	0.0630552283	0.8898643256	0.2945239362
304	0.1568782463	0.06300202266	0.8893322692	0.2944630242
308	0.1568551782	0.0630552283	0.8898643256	0.2946316143
312	0.1568306051	0.0630552283	0.8898643256	0.295330994
316	0.1568094199	0.06310843394	0.890396382	0.2956131739
320	0.1567846235	0.0630552283	0.8898643256	0.2957365814
324	0.1567626387	0.06310843394	0.890396382	0.2962298948
328	0.1567414471	0.0631882424	0.8911944666	0.2965854436
332	0.1567177253	0.06313503676	0.8906624102	0.2967117014
336	0.1566920335	0.06313503676	0.8906624102	0.2974795939
340	0.1566766775	0.06326805086	0.8919925512	0.2978403155
344	0.1566522729	0.06329465368	0.8922585794	0.2979756521
348	0.1566365095	0.0633212565	0.8925246076	0.2982625825
352	0.1566235512	0.0633212565	0.8925246076	0.2987310877
356	0.1565966512	0.06337446214	0.893056664	0.2986934004
360	0.156564905	0.06340106496	0.8933226922	0.2994033368
364	0.1565472866	0.06348087342	0.8941207768	0.3000091843
368	0.1565161864	0.06350747624	0.894386805	0.2997156032
372	0.1564931079	0.06348087342	0.8941207768	0.2997803156
376	0.1564642708	0.06350747624	0.894386805	0.300479273
380	0.1564381142	0.06348087342	0.8941207768	0.3008773652
384	0.156417652	0.06340106496	0.8933226922	0.3006495522
388	0.1563977063	0.0634542706	0.8938547486	0.3010867041
392	0.1563516321	0.0635872847	0.8951848896	0.3017861893
396	0.1563311578	0.0635872847	0.8951848896	0.3021150297
400	0.1563107966	0.06364049034	0.895716946	0.3021242141
404	0.1562815925	0.06366709316	0.8959829742	0.3026637657
408	0.1562496616	0.06369369598	0.8962490024	0.3037154216
412	0.1562126398	0.06366709316	0.8959829742	0.3035683671
416	0.1561919392	0.06374690162	0.8967810588	0.3035228679
420	0.15616569	0.0637202988	0.8965150306	0.3038997412
424	0.1561397113	0.06369369598	0.8962490024	0.3041669306
428	0.1561082555	0.06366709316	0.8959829742	0.3046546489
432	0.1560761885	0.06369369598	0.8962490024	0.3052063408
436	0.1560408889	0.06369369598	0.8962490024	0.3061899061
440	0.1560169238	0.06369369598	0.8962490024	0.3064814815
444	0.1560004469	0.0637202988	0.8965150306	0.3067839302
448	0.1559692697	0.06369369598	0.8962490024	0.307155314
452	0.1559459496	0.06369369598	0.8962490024	0.3075731472
456	0.1559305461	0.06374690162	0.8967810588	0.3080142051
460	0.1559141643	0.06380010726	0.8973131152	0.3082112982
464	0.1558889928	0.06377350444	0.897047087	0.3089188065
468	0.1558605023	0.06377350444	0.897047087	0.3090671278
472	0.1558442574	0.06382671008	0.8975791434	0.3093066587
476	0.1558211703	0.06382671008	0.8975791434	0.3094371392
480	0.1558070159	0.0638533129	0.8978451716	0.3096712863
484	0.1557992462	0.06390651854	0.898377228	0.3097296647
488	0.1557815971	0.06390651854	0.898377228	0.3098974102
492	0.1557649861	0.06393312136	0.8986432562	0.3095469286
496	0.1557532025	0.063986327	0.8991753126	0.3099127174
500	0.1557081646	0.063986327	0.8991753126	0.3110825025
504	0.1556978341	0.063986327	0.8991753126	0.3113048261
508	0.155673891	0.06395972418	0.8989092844	0.3117140028
512	0.1556585517	0.06395972418	0.8989092844	0.3121201181
516	0.1556442616	0.06393312136	0.8986432562	0.3118249534
520	0.1556286978	0.06401292982	0.8994413408	0.3117788208
524	0.1556015412	0.06395972418	0.8989092844	0.3123179501
528	0.1555841637	0.06395972418	0.8989092844	0.3125315117
532	0.1555584108	0.06395972418	0.8989092844	0.3124709164
536	0.1555405803	0.06393312136	0.8986432562	0.3123718948
540	0.1555129715	0.06393312136	0.8986432562	0.3127719927
544	0.155494787	0.06393312136	0.8986432562	0.3128936056
548	0.1554698075	0.06395972418	0.8989092844	0.3133212565
552	0.155454216	0.06393312136	0.8986432562	0.3135625821
556	0.1554207939	0.063986327	0.8991753126	0.3142735741
560	0.1554011776	0.06401292982	0.8994413408	0.3145882686
564	0.1553882	0.06403953263	0.899707369	0.314548681
568	0.1553679289	0.06403953263	0.899707369	0.3147523193
572	0.1553495595	0.06403953263	0.899707369	0.3151998167
576	0.1553318389	0.06406613545	0.8999733972	0.3154566606
580	0.155319116	0.06406613545	0.8999733972	0.3152988383
584	0.155290315	0.06406613545	0.8999733972	0.3154140117
588	0.155263668	0.06409273827	0.9002394254	0.3154504322
592	0.1552394999	0.06414594391	0.9007714818	0.3156233505
596	0.1552126589	0.06411934109	0.9005054536	0.3157910961
600	0.1551946179	0.06414594391	0.9007714818	0.3161029402
604	0.1551749081	0.06411934109	0.9005054536	0.3162894767
608	0.1551530027	0.06411934109	0.9005054536	0.3163122791
612	0.1551388838	0.06417254673	0.90103751	0.3167394022
616	0.1551234107	0.06414594391	0.9007714818	0.3170644422
620	0.1551066762	0.06417254673	0.90103751	0.3170855555
624	0.1550952979	0.06411934109	0.9005054536	0.3171535405
628	0.1550652102	0.06422575237	0.9015695664	0.3177590714
632	0.1550374586	0.06422575237	0.9015695664	0.3178418357
636	0.1550120991	0.06427895801	0.9021016228	0.3180540248
640	0.15499122	0.06425235519	0.9018355946	0.3184420882
644	0.1549705675	0.06430556083	0.902367651	0.3184513781
648	0.154949131	0.06427895801	0.9021016228	0.3185100732
652	0.1549321565	0.06427895801	0.9021016228	0.3188577045
656	0.1549118386	0.06427895801	0.9021016228	0.3190435019
660	0.1548942764	0.06433216365	0.9026336792	0.3194971223
664	0.1548730056	0.06430556083	0.902367651	0.3196221133
668	0.1548589065	0.06433216365	0.9026336792	0.3197894366
672	0.1548421788	0.06435876647	0.9028997074	0.319612929
676	0.1548227749	0.06441197211	0.9034317638	0.3199068268
680	0.1548119048	0.06443857493	0.903697792	0.3198531989
684	0.1548009801	0.06443857493	0.903697792	0.3201232386
688	0.1547906381	0.06443857493	0.903697792	0.320436983
692	0.1547601086	0.06449178057	0.9042298484	0.3213469683
696	0.1547282824	0.06449178057	0.9042298484	0.3214127364
700	0.154722537	0.06457158903	0.905027933	0.3216285148
704	0.1546979828	0.06454498621	0.9047619048	0.32199177
708	0.1546768825	0.06449178057	0.9042298484	0.3224154094
712	0.154669183	0.06451838339	0.9044958766	0.322664758
716	0.1546498818	0.06449178057	0.9042298484	0.3227516395
720	0.1546266707	0.06451838339	0.9044958766	0.3232314403
724	0.1546015722	0.06451838339	0.9044958766	0.3234778331
728	0.1545821887	0.06451838339	0.9044958766	0.3236636306
732	0.1545546627	0.06457158903	0.905027933	0.3240743908
736	0.1545276703	0.06454498621	0.9047619048	0.3246555357
740	0.1545023054	0.06454498621	0.9047619048	0.3248538956
744	0.1544749427	0.06449178057	0.9042298484	0.3252255961
748	0.1544457413	0.06457158903	0.905027933	0.3255008086
752	0.1544280724	0.06451838339	0.9044958766	0.3255753388
756	0.1544039714	0.06457158903	0.905027933	0.3263080775
760	0.1543812327	0.06465139749	0.9058260176	0.3266462078
764	0.1543642368	0.06467800031	0.9060920458	0.3269254319
768	0.1543509427	0.06467800031	0.9060920458	0.3269697699
772	0.1543330613	0.06465139749	0.9058260176	0.3269162476
776	0.1543125247	0.06467800031	0.9060920458	0.327187343
780	0.1542940463	0.06470460313	0.906358074	0.3273711347
784	0.1542839344	0.06470460313	0.906358074	0.3272454047
788	0.1542672694	0.06465139749	0.9058260176	0.3274521044
792	0.1542520965	0.06465139749	0.9058260176	0.32742149
796	0.154232365	0.06475780877	0.9068901304	0.327789918
800	0.1542277993	0.06475780877	0.9068901304	0.3277677489
804	0.1542108712	0.06478441159	0.9071561586	0.328082549
808	0.1541901544	0.06478441159	0.9071561586	0.3283130012
812	0.1541713297	0.06470460313	0.906358074	0.3287060262
816	0.154153041	0.06470460313	0.906358074	0.3289990795
820	0.1541268675	0.06470460313	0.906358074	0.3290071025
824	0.1541019538	0.06473120595	0.9066241022	0.3293006837
828	0.1540796149	0.06473120595	0.9066241022	0.3293726802
832	0.1540691771	0.06473120595	0.9066241022	0.3294023444
836	0.1540548937	0.06470460313	0.906358074	0.3297437473
840	0.1540393974	0.06470460313	0.906358074	0.3299729327
844	0.1540153618	0.06475780877	0.9068901304	0.3303076848
848	0.1539945884	0.06475780877	0.9068901304	0.3303868599
852	0.153965242	0.06478441159	0.9071561586	0.331430176
856	0.1539469751	0.06478441159	0.9071561586	0.3317628169
860	0.1539367517	0.06478441159	0.9071561586	0.3317291411
864	0.1539196905	0.06478441159	0.9071561586	0.3318408307
868	0.1538992652	0.06481101441	0.9074221868	0.3320887014
872	0.1538771769	0.06483761723	0.907688215	0.3323460731
876	0.1538525801	0.06478441159	0.9071561586	0.3325431662
880	0.1538212484	0.06475780877	0.9068901304	0.3327843863
884	0.1538010366	0.06475780877	0.9068901304	0.3331676991
888	0.153784941	0.06478441159	0.9071561586	0.333120933
892	0.153778659	0.06478441159	0.9071561586	0.3332676708
896	0.1537668759	0.06478441159	0.9071561586	0.3331189273
900	0.1537554526	0.06478441159	0.9071561586	0.3333143313
904	0.1537264136	0.06475780877	0.9068901304	0.3334053299
908	0.1537015916	0.06475780877	0.9068901304	0.3334659252
912	0.1536755049	0.06481101441	0.9074221868	0.3340553043
916	0.1536536427	0.06478441159	0.9071561586	0.3340863409
920	0.1536463213	0.06481101441	0.9074221868	0.3341664661
924	0.1536303386	0.06483761723	0.907688215	0.334557802
928	0.1536044658	0.06483761723	0.907688215	0.3347399047
932	0.1535868353	0.06483761723	0.907688215	0.3350586107
936	0.1535636852	0.06483761723	0.907688215	0.3354637758
940	0.153549342	0.06481101441	0.9074221868	0.3358469831
944	0.1535266602	0.06489082287	0.9082202713	0.335656963
948	0.1535096762	0.06489082287	0.9082202713	0.3358336817
952	0.1534915639	0.06489082287	0.9082202713	0.3363828399
956	0.1534709381	0.06483761723	0.907688215	0.3366449621
960	0.1534557058	0.06486422005	0.9079542431	0.3363108434
964	0.1534297506	0.06486422005	0.9079542431	0.3364933683
968	0.1534136851	0.06486422005	0.9079542431	0.3365140594
972	0.1534037691	0.06486422005	0.9079542431	0.3367812488
976	0.1533861738	0.06489082287	0.9082202713	0.3374812619
980	0.1533681201	0.06489082287	0.9082202713	0.337683
984	0.1533532304	0.06491742569	0.9084862995	0.3379698248
988	0.1533334781	0.06494402851	0.9087523277	0.3382056609
992	0.1533200606	0.06491742569	0.9084862995	0.3381439044
996	0.1533007256	0.06494402851	0.9087523277	0.3381715629
1000	0.1532770582	0.06494402851	0.9087523277	0.3386726882
1004	0.1532604609	0.06497063133	0.9090183559	0.3393798798
1008	0.1532517431	0.06497063133	0.9090183559	0.339661743
1012	0.1532334381	0.06497063133	0.9090183559	0.3398775215
1016	0.1532209457	0.06497063133	0.9090183559	0.340023098
1020	0.1532059213	0.06497063133	0.9090183559	0.34013616
1024	0.1531930705	0.06499723415	0.9092843841	0.3402152295
1028	0.1531754171	0.06497063133	0.9090183559	0.3403534164
1032	0.1531576342	0.06497063133	0.9090183559	0.340110824
1036	0.1531385338	0.06499723415	0.9092843841	0.3403497215
1040	0.1531215225	0.06499723415	0.9092843841	0.3408529582
1044	0.1530983151	0.06499723415	0.9092843841	0.3406753949
1048	0.1530850958	0.06497063133	0.9090183559	0.3407744165
1052	0.1530658979	0.06497063133	0.9090183559	0.3408157987
1056	0.1530504832	0.06497063133	0.9090183559	0.3408333228
1060	0.1530245801	0.06499723415	0.9092843841	0.3409174595
1064	0.1530093999	0.06499723415	0.9092843841	0.3409026801
1068	0.1529918165	0.06497063133	0.9090183559	0.3411527677
1072	0.1529727664	0.06497063133	0.9090183559	0.3412850429
1076	0.1529596878	0.06497063133	0.9090183559	0.3414291415
1080	0.1529351245	0.06497063133	0.9090183559	0.3418149879
1084	0.1529127659	0.06497063133	0.9090183559	0.3420246435
1088	0.1528981704	0.06497063133	0.9090183559	0.342673879
1092	0.1528804165	0.06499723415	0.9092843841	0.3430436793
1096	0.1528656989	0.06499723415	0.9092843841	0.3434097848
1100	0.1528453721	0.06497063133	0.9090183559	0.3435254859
1104	0.152832971	0.06497063133	0.9090183559	0.3439316012
1108	0.1528068903	0.06499723415	0.9092843841	0.3441486464
1112	0.1527953745	0.06499723415	0.9092843841	0.3440855175
1116	0.1527713944	0.06502383697	0.9095504123	0.3444645021
1120	0.1527564962	0.06502383697	0.9095504123	0.3445634182
1124	0.1527332853	0.06505043979	0.9098164405	0.344995714
1128	0.1527259114	0.06502383697	0.9095504123	0.3450555703
1132	0.1527100357	0.06507704261	0.9100824687	0.3451058201
1136	0.1526925477	0.06505043979	0.9098164405	0.3454868105
1140	0.1526882407	0.06505043979	0.9098164405	0.3454868105
1144	0.1526670962	0.06505043979	0.9098164405	0.3456439994
1148	0.1526581373	0.06507704261	0.9100824687	0.3457079728
1152	0.1526403664	0.06507704261	0.9100824687	0.3460094714
1156	0.1526116415	0.06507704261	0.9100824687	0.3463663926
1160	0.1525899544	0.06507704261	0.9100824687	0.3466679968
1164	0.1525778302	0.06507704261	0.9100824687	0.3466495226
1168	0.1525551584	0.06507704261	0.9100824687	0.3466996668
1172	0.1525391668	0.06510364543	0.9103484969	0.3466591292
1176	0.1525243319	0.06513024825	0.9106145251	0.3471146497
1180	0.1525143184	0.06510364543	0.9103484969	0.3472227501
1184	0.1524902598	0.06510364543	0.9103484969	0.3473733938
1188	0.1524753858	0.06518345389	0.9111465815	0.3475711203
1192	0.1524645732	0.06518345389	0.9111465815	0.3474429623
1196	0.1524461839	0.06521005671	0.9114126097	0.3476761592
1200	0.1524338513	0.06521005671	0.9114126097	0.3477674745
1204	0.1524268281	0.06521005671	0.9114126097	0.3477009674
1208	0.1524031098	0.06521005671	0.9114126097	0.3476251705
1212	0.1523953984	0.06521005671	0.9114126097	0.3476980115
1216	0.1523787159	0.06521005671	0.9114126097	0.3480338194
1220	0.1523635754	0.06523665953	0.9116786379	0.3480123893
1224	0.152342515	0.06526326235	0.9119446661	0.3477973499
1228	0.152332123	0.06526326235	0.9119446661	0.3477571289
1232	0.1523174178	0.06526326235	0.9119446661	0.3477704303
1236	0.1523012796	0.06526326235	0.9119446661	0.3477970332
1240	0.1522879707	0.06528986517	0.9122106943	0.3480195679
1244	0.1522740612	0.06531646799	0.9124767225	0.3480244239
1248	0.1522567827	0.06534307081	0.9127427507	0.3484418348
1252	0.1522429268	0.06531646799	0.9124767225	0.3485799161
1256	0.1522286189	0.06534307081	0.9127427507	0.3488787756
1260	0.1522136241	0.06531646799	0.9124767225	0.3493284899
1264	0.1521882541	0.06531646799	0.9124767225	0.3495070033
1268	0.15216699	0.06531646799	0.9124767225	0.3499452109
1272	0.1521599588	0.06531646799	0.9124767225	0.3500342036
1276	0.1521415895	0.06536967363	0.9130087789	0.3500161517
1280	0.1521377418	0.06534307081	0.9127427507	0.3499895489
1284	0.152127957	0.06536967363	0.9130087789	0.3502628612
1288	0.1521162641	0.06536967363	0.9130087789	0.3505133711
1292	0.152095988	0.06539627645	0.9132748071	0.3503674778
1296	0.1520732526	0.06539627645	0.9132748071	0.3506479687
1300	0.1520619216	0.06542287927	0.9135408353	0.350805791
1304	0.1520453393	0.06542287927	0.9135408353	0.3512238353
1308	0.1520337432	0.06544948209	0.9138068635	0.3515392687
1312	0.1520209004	0.06544948209	0.9138068635	0.3513411199
1316	0.1520033752	0.06544948209	0.9138068635	0.3517478686
1320	0.1519899604	0.06544948209	0.9138068635	0.3519041074
1324	0.1519712126	0.06547608491	0.9140728917	0.3519534071
1328	0.1519608277	0.06544948209	0.9138068635	0.3523302803
1332	0.1519400409	0.06547608491	0.9140728917	0.3520048181
1336	0.1519257443	0.06552929055	0.9146049481	0.3518176482
1340	0.151903901	0.06552929055	0.9146049481	0.3526350515
1344	0.1518868835	0.06552929055	0.9146049481	0.3530839213
1348	0.1518737005	0.06550268773	0.9143389199	0.3529914449
1352	0.1518624524	0.06550268773	0.9143389199	0.3529055135
1356	0.1518459304	0.06555589337	0.9148709763	0.3529673757
1360	0.1518377945	0.06552929055	0.9146049481	0.3529492182
1364	0.1518216002	0.06552929055	0.9146049481	0.3532935769
1368	0.1518081012	0.06552929055	0.9146049481	0.3534092781
1372	0.1517986015	0.06552929055	0.9146049481	0.353636141
1376	0.1517813934	0.06558249619	0.9151370045	0.3538718715
1380	0.1517557304	0.06558249619	0.9151370045	0.353776967
1384	0.1517244375	0.06560909901	0.9154030327	0.3542603572
1388	0.1517010534	0.06555589337	0.9148709763	0.3543404823
1392	0.1516787898	0.06558249619	0.9151370045	0.3550591807
1396	0.1516621944	0.06558249619	0.9151370045	0.3550019635
1400	0.1516512019	0.06558249619	0.9151370045	0.3554868316
1404	0.1516293697	0.06558249619	0.9151370045	0.3556095002
1408	0.1516182579	0.06560909901	0.9154030327	0.355882918
1412	0.1516065907	0.06558249619	0.9151370045	0.3558695111
1416	0.1515963301	0.06558249619	0.9151370045	0.3557689059
1420	0.1515848358	0.06558249619	0.9151370045	0.3558528315
1424	0.1515654061	0.06558249619	0.9151370045	0.3561579194
1428	0.1515543077	0.06555589337	0.9148709763	0.3564462222
1432	0.1515347917	0.06555589337	0.9148709763	0.356563718
1436	0.1515134448	0.06552929055	0.9146049481	0.3566311751
1440	0.1514969783	0.06552929055	0.9146049481	0.3567163675
1444	0.1514725311	0.06555589337	0.9148709763	0.3568167615
1448	0.151455415	0.06555589337	0.9148709763	0.3571885675
1452	0.1514432087	0.06560909901	0.9154030327	0.3574401331
1456	0.1514340967	0.06560909901	0.9154030327	0.3576950768
1460	0.1514094708	0.06560909901	0.9154030327	0.357707217
1464	0.1513929603	0.06560909901	0.9154030327	0.3578882639
1468	0.1513807124	0.06563570183	0.9156690609	0.3580060764
1472	0.151364997	0.06563570183	0.9156690609	0.3581876512
1476	0.1513464627	0.06563570183	0.9156690609	0.3585604074
1480	0.1513307222	0.06563570183	0.9156690609	0.3586516171
1484	0.1513142467	0.06563570183	0.9156690609	0.3586786422
1488	0.1512975511	0.06560909901	0.9154030327	0.3591534814
1492	0.1512800442	0.06563570183	0.9156690609	0.3593142595
1496	0.1512682595	0.06563570183	0.9156690609	0.3591288843
1500	0.1512503803	0.06563570183	0.9156690609	0.3595610746
1504	0.1512402763	0.06566230465	0.9159350891	0.359941326
1508	0.151218074	0.06560909901	0.9154030327	0.3604223937
1512	0.1511996877	0.06563570183	0.9156690609	0.3607182973
1516	0.1511889322	0.06566230465	0.9159350891	0.3607349768
1520	0.1511748986	0.06566230465	0.9159350891	0.3608943826
1524	0.1511573566	0.06563570183	0.9156690609	0.3612192115
1528	0.1511469009	0.06563570183	0.9156690609	0.361297542
1532	0.1511304894	0.06566230465	0.9159350891	0.3615018136
1536	0.1511204857	0.06563570183	0.9156690609	0.3615675817
1540	0.1511053213	0.06563570183	0.9156690609	0.3619285144
1544	0.1510925768	0.06563570183	0.9156690609	0.3619115182
1548	0.1510719409	0.06568890747	0.9162011173	0.3620371426
1552	0.1510574272	0.06571551029	0.9164671455	0.3622412031
1556	0.1510351073	0.06568890747	0.9162011173	0.3617478897
1560	0.1510128024	0.06571551029	0.9164671455	0.3623866741
1564	0.1509962565	0.06571551029	0.9164671455	0.362417394
1568	0.1509770133	0.06568890747	0.9162011173	0.3622939865
1572	0.1509595956	0.06571551029	0.9164671455	0.3628386053
1576	0.1509410761	0.06571551029	0.9164671455	0.3631470714
1580	0.1509275707	0.06571551029	0.9164671455	0.3631052669
1584	0.1509086287	0.06574211311	0.9167331737	0.3635168717
1588	0.1508920624	0.06568890747	0.9162011173	0.3635882348
1592	0.1508773727	0.06568890747	0.9162011173	0.3641229304
1596	0.1508646374	0.06574211311	0.9167331737	0.3645048708
1600	0.1508476855	0.06574211311	0.9167331737	0.3646180384
1604	0.1508368527	0.06576871593	0.9169992019	0.3647437684
1608	0.1508235208	0.06579531875	0.9172652301	0.3649532128
1612	0.1508050028	0.06582192157	0.9175312583	0.365257245
1616	0.1507851523	0.06579531875	0.9172652301	0.3655677168
1620	0.150764271	0.06579531875	0.9172652301	0.3655462868
1624	0.1507504248	0.06576871593	0.9169992019	0.3655792236
1628	0.1507312021	0.06576871593	0.9169992019	0.3657687159
1632	0.1507175276	0.06576871593	0.9169992019	0.3659398396
1636	0.1506974009	0.06582192157	0.9175312583	0.3667186055
1640	0.1506761285	0.06576871593	0.9169992019	0.3670796438
1644	0.1506527205	0.06576871593	0.9169992019	0.3671131084
1648	0.1506272074	0.06576871593	0.9169992019	0.3670824941
1652	0.1506147565	0.06582192157	0.9175312583	0.3673081958
1656	0.1505936173	0.06582192157	0.9175312583	0.3679455022
1660	0.1505699181	0.06579531875	0.9172652301	0.3681763767
1664	0.1505577176	0.06579531875	0.9172652301	0.3680292167
1668	0.150526401	0.06579531875	0.9172652301	0.3686951317
1672	0.1505016289	0.06582192157	0.9175312583	0.3684427216
1676	0.1504856342	0.06582192157	0.9175312583	0.3684786143
1680	0.1504756421	0.06587512721	0.9180633147	0.3688164279
1684	0.1504623241	0.06590173003	0.9183293429	0.3688674166
1688	0.1504450688	0.06587512721	0.9180633147	0.3688445086
1692	0.1504289109	0.06587512721	0.9180633147	0.3690919571
1696	0.1504063257	0.06595493567	0.9188613993	0.369302246
1700	0.1503863786	0.06592833285	0.9185953711	0.369603428
1704	0.1503697224	0.06595493567	0.9188613993	0.3698320855
1708	0.1503489232	0.06595493567	0.9188613993	0.3701508971
1712	0.1503346423	0.06592833285	0.9185953711	0.3702556193
1716	0.1503121916	0.06598153849	0.9191274275	0.3703125198
1720	0.1502959286	0.06600814131	0.9193934557	0.3704387776
1724	0.1502844668	0.06598153849	0.9191274275	0.3705685192
1728	0.1502605968	0.06603474413	0.9196594839	0.3705940663
1732	0.1502526452	0.06600814131	0.9193934557	0.3709137224
1736	0.1502327721	0.06606134695	0.9199255121	0.3709348358
1740	0.1502127329	0.06606134695	0.9199255121	0.3710557097
1744	0.1501960897	0.06608794977	0.9201915403	0.3710774564
1748	0.1501757836	0.06608794977	0.9201915403	0.3712998856
1752	0.1501641557	0.06614115541	0.9207235967	0.3713179375
1756	0.1501484352	0.06611455259	0.9204575685	0.3716212307
1760	0.1501237775	0.06614115541	0.9207235967	0.3723117428
1764	0.1501061897	0.06616775823	0.9209896249	0.3724540468
1768	0.1500945921	0.06616775823	0.9209896249	0.3726906219
1772	0.1500728144	0.06616775823	0.9209896249	0.3726270707
1776	0.1500555327	0.06616775823	0.9209896249	0.3728100179
1780	0.1500429979	0.06611455259	0.9204575685	0.3728422157
1784	0.1500168139	0.06611455259	0.9204575685	0.3730756238
1788	0.1499952828	0.06611455259	0.9204575685	0.3733233889
1792	0.1499671623	0.06616775823	0.9209896249	0.3738193415
1796	0.1499442431	0.06619436105	0.9212556531	0.3742026544
1800	0.1499316486	0.06622096387	0.9215216813	0.3744009087
1804	0.1499154945	0.06630077233	0.9223197659	0.374557992
1808	0.14989717	0.06627416951	0.9220537377	0.3746402285
1812	0.1498687026	0.06624756669	0.9217877095	0.3746334723
1816	0.1498523553	0.06627416951	0.9220537377	0.3744472525
1820	0.1498454272	0.06624756669	0.9217877095	0.3746290385
1824	0.1498340374	0.06622096387	0.9215216813	0.3742857354
1828	0.1498209039	0.06622096387	0.9215216813	0.3744952854
1832	0.1497922202	0.06627416951	0.9220537377	0.374904251
1836	0.1497770284	0.06635397797	0.9228518223	0.3750547891
1840	0.1497510557	0.06635397797	0.9228518223	0.3752991762
1844	0.1497423656	0.06635397797	0.9228518223	0.3757304163
1848	0.1497257731	0.06638058079	0.9231178505	0.3759939109
1852	0.1497111858	0.06640718361	0.9233838787	0.3763086054
1856	0.1496951644	0.06646038925	0.9239159351	0.3761422322
1860	0.1496772425	0.06648699207	0.9241819633	0.3763643446
1864	0.1496633806	0.06648699207	0.9241819633	0.3766007086
1868	0.1496515259	0.06643378643	0.9236499069	0.3763961202
1872	0.1496380015	0.06646038925	0.9239159351	0.3768165926
1876	0.1496203431	0.06651359489	0.9244479915	0.377348649
1880	0.1496059703	0.06651359489	0.9244479915	0.3776829788
1884	0.1495974575	0.06651359489	0.9244479915	0.3776482474
1888	0.1495854104	0.06654019771	0.9247140197	0.3782027895
1892	0.1495687824	0.06651359489	0.9244479915	0.3784440095
1896	0.1495531909	0.06651359489	0.9244479915	0.3785343746
1900	0.1495360223	0.06651359489	0.9244479915	0.3786112272
1904	0.1495175337	0.06651359489	0.9244479915	0.3790068914
1908	0.1494955108	0.06648699207	0.9241819633	0.3792708083
1912	0.149483233	0.06648699207	0.9241819633	0.379263313
1916	0.1494743685	0.06648699207	0.9241819633	0.379400022
1920	0.1494533543	0.06648699207	0.9241819633	0.3793148296
1924	0.1494450595	0.06648699207	0.9241819633	0.379787663
1928	0.1494298325	0.06654019771	0.9247140197	0.3798121545
1932	0.1494153445	0.06656680053	0.9249800479	0.3797057433
1936	0.1494064089	0.06656680053	0.9249800479	0.3798362238
1940	0.1493871644	0.06656680053	0.9249800479	0.3799688156
1944	0.1493696006	0.06648699207	0.9241819633	0.3803279537
1948	0.1493551226	0.06648699207	0.9241819633	0.3806371586
1952	0.1493368925	0.06646038925	0.9239159351	0.3806992319
1956	0.1493283648	0.06648699207	0.9241819633	0.3806844526
1960	0.1493198538	0.06648699207	0.9241819633	0.3808273899
1964	0.1493002223	0.06648699207	0.9241819633	0.3809185996
1968	0.1492903992	0.06651359489	0.9244479915	0.3811126313
1972	0.1492760656	0.06651359489	0.9244479915	0.3815778639
1976	0.1492667719	0.06648699207	0.9241819633	0.381604889
1980	0.1492470462	0.06651359489	0.9244479915	0.3819514646
1984	0.1492387999	0.06654019771	0.9247140197	0.3820087874
1988	0.1492281443	0.06654019771	0.9247140197	0.3820635765
1992	0.1492129548	0.06654019771	0.9247140197	0.3821049587
1996	0.1492016655	0.06651359489	0.9244479915	0.3823618026
1999	0.14918553	0.06654019771	0.9247140197	0.3820805728
